store_id,store_name,store_location
1,Cruz PLC,Bryanfurt
2,Norris-Brown,Johnhaven
3,Glover-Salas,Lake Mariabury
4,"Calderon, Gaines and Mathews",Port Shawn
5,Hernandez Group,Cynthiastad
6,Vargas-Wade,West Jeffrey
7,Morgan Group,West Jessica
8,Hoover Ltd,Shawnamouth
9,Bailey-Holloway,Paulburgh
10,"Mcclure, Duncan and Flynn",Jillmouth
11,"Juarez, Carroll and Watts",Port John
12,"Burton, Anderson and Moore",Deborahtown
13,"Solis, Mathis and Coleman",Terryborough
14,Marks-Shaw,South Jamesbury
15,Price-Wise,Watsonville
16,Decker PLC,Lake Chadtown
17,Cooper PLC,Vanessashire
18,"Howell, Black and Garcia",Lake Judy
19,"Fischer, Shields and Martinez",Tranberg
20,Wright Ltd,Jessicaberg
21,Koch-Cruz,South James
22,Lozano-Goodwin,South Heatherport
23,"Avery, Boyle and Castillo",North William
24,Martin-Colon,Lake Tanya
25,Buck Inc,New Brandonmouth
26,Dillon-Hart,Jamesshire
27,"Ayala, Jones and Chavez",Port Johnside
28,"Whitney, Montgomery and Howell",East Allisonchester
29,Ramos-Smith,West Marcus
30,"Barton, Oconnell and Hampton",Port Teresabury
31,Taylor-Frost,Port Anitahaven
32,"Olsen, Simon and Moss",Deleontown
33,Sosa LLC,Sarahfort
34,"Brown, Lopez and Hess",South Laurenmouth
35,"Wilson, James and Baker",Kennedychester
36,"Jones, Hill and Peterson",West Davidshire
37,"Garcia, Jackson and Johnson",Gillespieside
38,Taylor LLC,North Marcus
39,"Raymond, Savage and Morris",East William
40,"Andrews, Smith and Holmes",South Michelle
41,Padilla Group,Thomaschester
42,Fischer Group,Natalieberg
43,"Henderson, Lin and Dixon",East Cameronbury
44,"Anderson, Harper and Gonzalez",East Timothyton
45,"Pearson, Morris and Bennett",East Crystalshire
46,Guzman Group,Port Cynthia
47,Wilson Inc,West Jeffrey
48,"Brown, Rivera and Greene",Burgessmouth
49,Kelly and Sons,Christopherland
50,Strong and Sons,Gilbertberg
51,Flores-Soto,Stephenshire
52,Lewis-Hall,Port Paulville
53,Pittman-Smith,West Michaeltown
54,Alexander Inc,East Richardberg
55,"Baker, Brown and Turner",Port Anthony
56,"Stevens, Carlson and Mack",South Jessicaville
57,Miller-White,North Joshua
58,"Willis, Ross and Davidson",Yvetteton
59,"Haney, Boyd and Chapman",Lake Nataliehaven
60,Kelly PLC,Lake Meaganview
61,"Miller, Mitchell and Rodriguez",Williammouth
62,"Harrison, Young and Davenport",South Davidbury
63,Page-Tucker,Paulmouth
64,Gaines-Roach,North Alexandria
65,Pacheco-Gonzales,Barretthaven
66,Smith-Martinez,North Jerryland
67,Lang LLC,South Elizabeth
68,Estrada-Harvey,Lake Kimside
69,Leblanc PLC,Amberside
70,"Mcclure, Norris and Zamora",Brownton
71,Anderson-Evans,Port Charles
72,"Rosario, Glover and Franklin",Port Tamaramouth
73,Cantrell-Craig,Brandonberg
74,"Faulkner, Riley and Jackson",New Kendrahaven
75,Park PLC,New Andrewborough
76,Moon PLC,Gilbertfort
77,Powell-Roy,Lake Mario
78,Bennett LLC,Christianberg
79,"Steele, Ramirez and Greer",Brianland
80,Thompson-Collins,Dawnfort
81,"Durham, Patel and Cohen",West Debbieberg
82,"Allen, Garza and Brown",West Jenniferland
83,Curtis-Benitez,Sheilaborough
84,Wallace LLC,North Timothyside
85,Cervantes and Sons,Smithmouth
86,Smith LLC,Lake Laura
87,"Freeman, Palmer and Bennett",Garciatown
88,"Arellano, James and Branch",East Jessica
89,"James, Hayes and Fox",Lisaberg
90,"Wells, Banks and Wagner",East Debra
91,Hamilton-Spence,East Shelleyhaven
92,Coleman Inc,Erinchester
93,Moore-Miller,North Erin
94,Stephens PLC,Port Shawn
95,Bishop-Freeman,Shermanside
96,Romero-Fuller,New Casey
97,Murphy-Smith,Josephburgh
98,Harrison PLC,Charlestown
99,"Weaver, Arnold and Becker",Port Bill
100,Mason and Sons,Port Rachelstad
