customer_id,customer_name,customer_email,customer_phone,customer_address
1,Alan Webb,michael49@hotmail.com,(387)454-8936x14874,"18444 Meyer Shore Suite 279, East Stephanie, PA 80442"
2,Richard Crane,martinmahoney@robertson.com,970-040-2853,"470 Jensen Crescent Apt. 528, North Rhondaland, MT 66304"
3,Monica Lewis,carolynwebb@gmail.com,(797)396-3339x48021,"PSC 6032, Box 9973, APO AP 17083"
4,Lee Castillo,dorseychristopher@houston.com,322-109-6783x98559,"97540 Daniel Glen, Martinezfort, IN 19363"
5,Debbie Young,ymurray@yahoo.com,(611)755-1068x0577,"6947 Jennifer Harbor Apt. 161, South Rodney, IL 34617"
6,Diamond Melendez,jenna99@yahoo.com,(293)101-9013x09260,"185 Palmer Ramp Suite 673, Newtonport, NE 56927"
7,Tyler Hanson,kellyray@estes-jones.info,(170)414-5534,"USNV Hampton, FPO AA 67296"
8,Corey Proctor DVM,garrettjacob@torres-taylor.com,(083)684-6645x47015,"2038 Rivera Valleys, Lake Ericamouth, KY 40649"
9,Tiffany Strong,elizabeth57@yahoo.com,001-095-809-3621x738,"564 Victoria Lake, Andrewfort, ME 46218"
10,Erin Jenkins,cody35@castro-jordan.com,435.047.1347x18385,"93310 Kristen Corners, East Jasmin, OK 51442"
11,Donald Morris,llittle@fuentes.com,523-937-1492x4579,"809 Cheyenne Inlet, North Nathanside, KS 81153"
12,Robert Bowman,julie66@esparza.com,583-555-5728x1574,"4934 Reyes Pass Suite 163, Lake Nicholasmouth, CO 83532"
13,Rachel Gonzalez,rthompson@henry.com,0715265698,"82410 Smith Ville Suite 019, Owensland, ME 17686"
14,William Martinez,kimberly57@gonzalez-hill.com,215.157.7440,"895 Jessica Pass, Gravesstad, RI 71356"
15,Christopher Levy,jennifer51@richard.info,124-125-5022,"PSC 6325, Box 7702, APO AP 09481"
16,Jeffrey Brown,fwu@hotmail.com,210.081.4173,"61724 Gill Parkways, Port Michael, OK 60104"
17,Omar Walker,robertjones@perez.com,001-771-603-1420,"USS Walker, FPO AA 14567"
18,Dale Chan,bradley79@gmail.com,(838)729-9144x558,"02239 Noah Island Suite 850, Aguilarhaven, LA 76585"
19,Cynthia Thompson,rhondaboyd@martin-schroeder.com,918.488.3569x35936,"PSC 0975, Box 6746, APO AA 94046"
20,Michele Martin,lgutierrez@salazar.info,380-962-6933,"7767 Rachael Fords, Kevinbury, NJ 41359"
21,Angel Clark,meghan46@yahoo.com,616-745-9918x64914,"3606 Corey Heights Apt. 141, New Kylemouth, IN 14079"
22,Julie Hill,jason45@gmail.com,(492)228-7908x48240,"8954 Bruce Way, Lake Bethanystad, CA 01791"
23,Guy Gonzales,wilsonamy@gonzalez.com,272.288.9832,"PSC 8487, Box 0261, APO AP 77428"
24,Jason Davis,yangpatrick@yahoo.com,(963)258-8885x841,"17863 Miller Lodge Suite 863, Garciaberg, NM 39911"
25,John Hood,joel53@yahoo.com,(593)385-7549,"07790 Le Heights Apt. 236, Tiffanyborough, OR 97137"
26,Cynthia Smith,marklarson@ayala.info,+1-626-563-3102,"026 Krueger Circle, North Ashley, MN 09979"
27,Sandra Wilson,hernandezwilliam@yahoo.com,858-364-5692,"8792 Megan Loop Apt. 569, Lynnside, NH 38835"
28,Christopher Turner,ericaguirre@espinoza.com,253-170-1598,"8988 Ramsey Trail Apt. 404, Jonesfurt, KY 25077"
29,Maria Craig,mfisher@hotmail.com,+1-131-492-7972,"324 Carter Stravenue, Adamstad, NV 99581"
30,Jessica Sosa,ethompson@burgess-malone.com,001-424-843-9468x05227,"Unit 8612 Box 9714, DPO AA 57425"
31,Dr. Brian Mckinney,kimberly34@gmail.com,941.447.1836,"506 Carr Court, Port Raymond, UT 07732"
32,Joshua Hayes,romerochristian@perkins.com,001-028-524-3460,"656 Ryan Islands Apt. 519, Allenbury, OK 01089"
33,Lisa Rubio,santosclarence@simmons.com,564.421.3428,"914 Richard Village, Caitlinburgh, TN 13387"
34,Connor Mcdonald,courtney54@gmail.com,6764996083,"90620 Nancy Road, Jonesport, MD 37872"
35,Julie Blake,cookdavid@yahoo.com,352-655-1488x7517,"USS Wagner, FPO AA 89125"
36,Christine Rose,eric25@mcdaniel.com,840-995-8379x7702,"51175 Rodriguez Underpass Suite 590, Lake Kaylamouth, WI 43731"
37,Nicholas Briggs,sara97@yahoo.com,(390)958-4518x9623,"32894 Chavez Harbors, Janeshire, CT 10967"
38,Tammy Lutz,maystephen@gmail.com,323.879.4340x1694,"40786 Peters Valley, Thompsonview, CT 17579"
39,Thomas Summers,qmiller@moore-herrera.org,(782)400-0662x48003,"6998 Hess Hill Apt. 859, South Bianca, AR 76501"
40,Danielle Bowers,michael78@gmail.com,001-310-362-9330x005,"5260 Jonathan Corner, Port Ashleystad, CA 10381"
41,Manuel Arias,derekanderson@harrison.com,(532)860-5845x9864,"347 Burke Village Suite 985, Williamfurt, TN 56567"
42,Tyler Fernandez,valeriealvarez@allen.com,849.447.1741x14687,"3996 Veronica Estates, Howardville, AZ 37315"
43,Brenda Martinez,ibowman@hotmail.com,001-637-578-3139x19479,"8006 Johnson Rest, Donnahaven, HI 26272"
44,Brandon Joseph,victoria44@gmail.com,637.059.6373,"1221 Russell Motorway Apt. 216, Port Angelamouth, NY 25405"
45,Benjamin Campbell,berryjason@gmail.com,(223)022-8559x74717,"4820 Mcintosh Coves, North Edgarborough, WV 16273"
46,Steven Bowen,johnsonsean@hotmail.com,+1-742-054-4554x5404,"89387 Miller Circle, Morgantown, MO 77339"
47,Cassandra Coleman,michael17@lamb-gomez.info,(646)891-2783,"9350 Jennifer Cliff Suite 086, Villanuevahaven, NC 38579"
48,Paula Nelson,churchmanuel@gmail.com,310-871-3822,"Unit 1833 Box 1024, DPO AA 73409"
49,Lori Young,catherine80@alvarado.com,(889)020-9484x3429,"305 Werner Parkway Suite 589, Gonzalesport, WA 45564"
50,Kenneth Ford,qfowler@garrison-walters.com,(444)526-7992,"552 Brooks Lakes, New Richardside, NH 53563"
51,Jeremy Wyatt,heathermendoza@hotmail.com,+1-901-074-3841,"600 Allen Radial Suite 519, Sheashire, UT 11423"
52,Cynthia Suarez,xramsey@yahoo.com,001-228-380-0383,"387 Brooks Vista, Thomasstad, TN 40941"
53,Joseph Russell,espinozastephen@padilla-austin.com,648.686.5058x112,"Unit 9601 Box 7128, DPO AP 26228"
54,Amy Gordon,chaveztimothy@spears-reynolds.net,+1-660-878-0846x20841,"82137 Alicia Hill, Crawfordchester, VA 48336"
55,Cindy Espinoza,angelica69@smith-glass.biz,(374)339-3111x13036,"USS Cochran, FPO AA 53387"
56,Sarah Perez,thomasmary@doyle.com,9143992345,"716 Garza Crossing Suite 810, New James, CO 25549"
57,Joseph Johnson,robersonkyle@lawrence-fisher.info,(215)604-1108,"Unit 1383 Box 7394, DPO AE 20184"
58,Donald Garcia,dana48@gutierrez-obrien.net,+1-619-604-2525x82772,"4550 Johnson Shoal, Port Alejandroton, DE 87324"
59,Richard Webster,ashleybaldwin@parker.com,+1-189-204-3623x4234,"7298 Torres Canyon, Port Benjaminton, LA 19682"
60,Brandy Jordan,william72@logan.com,5906257860,"57533 Heidi Knoll, New Craigmouth, TN 02530"
61,Stephen Lee,samuelrichardson@jones.com,+1-733-252-6536x91967,"6749 Derek Manors, Vasquezchester, IA 24795"
62,Mary Sanders,margaretbutler@gmail.com,(223)756-6211x227,"039 Banks Branch Apt. 005, East Adam, NH 98394"
63,Jennifer Dawson,ysmith@yahoo.com,(600)925-4502,"765 Julia Bypass Suite 237, Williamston, VA 82742"
64,Michael Hall,ddavis@yahoo.com,404-575-9823,"87429 Torres Union Apt. 025, New Patrick, HI 55482"
65,Sean Clark,wscott@bishop.info,303-170-2338x3123,"52090 Brewer Pass, Port Casey, ND 11890"
66,Jasmine Long,brian74@brooks.biz,001-550-173-1326x457,"650 Erica Meadows Apt. 124, Lake Nicole, AZ 91121"
67,Jason Perry,mariacrawford@gmail.com,692-907-4271,"871 Keith Garden, Port Mark, VT 37651"
68,Ryan Austin II,ethan49@hernandez.com,433-403-8630x379,"PSC 1045, Box 8009, APO AA 94640"
69,Savannah Copeland,arnoldscott@yahoo.com,+1-163-709-5817,"621 Watson Junctions Suite 949, South Alexander, OR 28573"
70,Mariah Garcia,carrollannette@hotmail.com,001-254-494-6617,"3049 Bennett Bridge, Mariamouth, MO 29772"
71,Howard Lee,kingjacob@campbell.com,287.537.7382x8304,"6143 Jason Centers, Charleneview, NH 20421"
72,Janet Austin,anna99@kramer.com,416-300-1265x735,"18848 Geoffrey Shores, North Emily, NJ 43888"
73,Vanessa Kline,gary68@yahoo.com,013-205-0549x1349,"3524 Lisa Forest Apt. 599, Melissashire, NV 06807"
74,Brandon Benson,kparker@kennedy-dean.org,612-930-7531,"934 Murray Burg, Lake Michellechester, AL 12978"
75,Ashley Brock,mary40@finley.com,(741)791-2264x1184,"34957 Ortiz Views, Jasonshire, OR 06708"
76,Matthew Lopez,andrea24@gmail.com,784-843-8445x4345,"95841 Frazier Prairie, South Scottfurt, TX 53296"
77,Megan Pena,robertavila@gmail.com,001-989-292-1788x89091,"076 David Harbors, Lake Michael, MS 54103"
78,Tracey Ortiz,katherinewang@williams-hughes.info,001-866-937-6217x7527,"6513 Eric Cliff, Smithfurt, CA 45806"
79,Tammy Brooks,marcus26@hotmail.com,001-392-784-1424x545,"26388 Carol Light, Khanberg, ME 23795"
80,Heather Grimes,garciamartha@gmail.com,586-197-1650x953,"8600 Newman Meadows Apt. 227, Alexanderchester, NJ 84833"
81,Jessica Barrett,wfitzgerald@crane-gilbert.org,501.758.2701x661,"049 Stark Point Apt. 195, North Laura, NC 33600"
82,Joseph Martin,rguerrero@howard.biz,329.975.9141x184,"8733 Roy Radial Suite 412, Nataliefurt, NM 82799"
83,Donald Johnson,ksalazar@moyer.com,+1-139-236-6767x6626,"893 Sherri Stream Suite 850, New Michael, NV 71213"
84,Derek Walker,rmercado@yahoo.com,+1-669-614-8294x9101,"194 Walter Flat, Hollyshire, IN 97757"
85,Robert Clarke,hillamanda@hotmail.com,358-776-8411,"102 Tucker Row, Alyssafurt, CA 41578"
86,Joshua Brown,lori98@wagner.biz,046.704.7319,"121 Brown Pines Apt. 840, Catherineberg, AL 61157"
87,Jeffrey Flynn,kschmidt@hotmail.com,617-066-6707x1709,"535 Amber Court Apt. 248, Wilsonstad, OR 93218"
88,Loretta Moreno,xthornton@gmail.com,899.915.1197x396,"222 Eric Harbors Apt. 762, Mitchellton, NC 74221"
89,Ricky Francis,ijackson@alvarez-bowers.biz,001-575-572-5603x95907,"7456 Myers Drive Suite 983, Simmonsville, MO 35551"
90,Richard Vance,zblankenship@hotmail.com,(824)842-1534x66778,"2460 Morgan Green, Pamelafurt, SC 02608"
91,Alexis Gray,markjackson@rodgers-skinner.com,+1-921-315-4253,"805 Williams Plaza, Jonland, CT 99703"
92,Seth Weeks,cford@hotmail.com,+1-853-651-4493x1284,"110 Jodi Ridges, Andreatown, DC 31844"
93,Megan Booth,danacannon@hughes.com,409-074-1607,"26365 Thomas Lights, Port Cindyburgh, MI 72478"
94,Scott Mclean,deborahpope@benjamin-howard.net,(783)900-3763x777,"3116 Flores Loop Suite 298, Wolfburgh, OH 74455"
95,Mikayla Hall,kellypeterson@taylor.biz,625-379-5424,"1168 Frazier Spring Suite 297, Harrisfort, MS 68053"
96,Catherine Chase,haleyvillegas@mcdonald-collins.net,808-746-7171x37328,"3396 Jason Ports, West Donaldshire, SD 87270"
97,Mary Lee,maria64@gmail.com,152.680.9420x79781,"4907 Sanchez Stravenue Apt. 831, South Davidchester, CT 95874"
98,Nancy Lewis,smithzachary@gmail.com,(240)140-1940,"Unit 0594 Box 4642, DPO AE 37398"
99,John Morrow,michael10@adams-smith.com,+1-802-739-2231,"553 Michael Hills Apt. 919, Matthewside, NY 59392"
100,Henry Webb,opierce@hotmail.com,711.813.3097x3175,"87322 Angela Viaduct, North Luke, LA 56685"
